Date,Portfolio_Value
2015-02-19,97755.14060422189
2015-02-20,97179.15884734195
2015-02-23,97192.81005053107
2015-02-24,95809.08822527614
2015-02-25,95452.60426401593
2015-02-26,96909.92578336303
2015-02-27,99534.98327480252
2015-03-02,103744.4091229407
2015-03-03,102696.96081727349
2015-03-04,102361.5343807941
2015-03-05,100591.7840831664
2015-03-09,100848.71675451557
2015-03-10,101222.39058876419
2015-03-11,101707.81848496519
2015-03-12,99301.94861892487
2015-03-13,99677.85009883367
2015-03-16,100293.98603220642
2015-03-17,100815.34541099398
2015-03-18,99430.1757118297
2015-03-19,95937.16520786163
2015-03-20,94572.41104727647
2015-03-23,93999.78680884726
2015-03-24,95506.67370556392
2015-03-25,92809.362236176
2015-03-26,90839.69957528752
2015-03-27,90733.37375018763
2015-03-30,92440.06340341893
2015-03-31,94681.48181336405
2015-04-01,94866.57406643288
2015-04-06,94052.14609105312
2015-04-07,93370.6292923537
2015-04-08,95000.385918144
2015-04-09,94318.83686236625
2015-04-10,93903.97857790165
2015-04-13,93340.9957897234
2015-04-15,92600.19048104451
2015-04-16,91889.00792263648
2015-04-17,90702.31923397913
2015-04-20,91146.84875732177
2015-04-21,92064.6670445198
2015-04-22,92101.0304166639
2015-04-23,91037.81680577321
2015-04-24,89280.53671526497
2015-04-27,96531.08534259333
2015-04-28,96233.14782424425
2015-04-29,95320.11133058574
2015-04-30,96010.69779506985
2015-05-04,97415.151807833
2015-05-05,95733.46802583335
2015-05-06,93829.83163168587
2015-05-07,94503.15832763673
2015-05-08,95301.90528643312
2015-05-11,93535.99048581142
2015-05-12,96403.95667465223
2015-05-13,95784.95124415314
2015-05-14,94994.23633528354
2015-05-15,96509.87066650901
2015-05-18,97928.68425975511
2015-05-19,99136.83168706924
2015-05-20,99192.53561414516
2015-05-21,99095.66888420729
2015-05-22,98070.55166968088
2015-05-25,96985.14565590245
2015-05-26,97061.89083658294
2015-05-27,99433.58216923027
2015-05-28,100303.0297493738
2015-05-29,100050.13208414956
2015-06-01,98137.3769995653
2015-06-02,97886.21099583853
2015-06-03,99671.7254600739
2015-06-04,99357.4668350494
2015-06-05,98784.5405372245
2015-06-08,98391.86264779032
2015-06-09,100090.923206661
2015-06-10,98665.99597367719
2015-06-11,97549.76779111807
2015-06-12,99322.20526127297
2015-06-15,99638.3993875819
2015-06-16,99407.49717601344
2015-06-17,100067.2312290852
2015-06-18,100463.10225647154
2015-06-19,103339.67815062401
2015-06-22,103828.1801043038
2015-06-23,105235.75743289458
2015-06-24,107167.78704529373
2015-06-25,106112.46197718501
2015-06-26,106116.53836136362
2015-06-29,104399.70122480475
2015-06-30,106124.77312595434
2015-07-01,105496.51798504718
2015-07-02,106566.69768315693
2015-07-03,106769.98983374183
2015-07-06,106078.67639182691
2015-07-07,105375.56160263177
2015-07-08,102427.58195867992
2015-07-09,100472.45477467736
2015-07-10,101901.78669084542
2015-07-13,101493.70001638038
2015-07-14,102826.04549331575
2015-07-15,104102.27312203447
2015-07-16,103898.90037781525
2015-07-17,104209.06289254093
2015-07-20,115803.45950462783
2015-07-21,114295.69285088035
2015-07-22,113740.75602521804
2015-07-23,109269.63929984334
2015-07-24,108916.31884364769
2015-07-27,109134.47510304047
2015-07-28,109339.45129605377
2015-07-29,109795.03349809175
2015-07-30,109981.65372914223
2015-07-31,110047.51788132303
2015-08-03,110016.82164632116
2015-08-04,111694.08095941413
2015-08-05,112840.80012271139
2015-08-06,112501.03349848896
2015-08-07,112706.97348250527
2015-08-10,112712.10208665853
2015-08-11,108759.25247451027
2015-08-12,108852.47808311594
2015-08-13,112842.61527815828
2015-08-14,112954.49132958146
2015-08-17,112283.24832378332
2015-08-18,113551.11926136857
2015-08-19,111220.43913800406
2015-08-20,110567.8598777644
2015-08-21,100667.08873026146
2015-08-24,105720.0218083421
2015-08-25,103687.6689536121
2015-08-26,105460.26785532865
2015-08-27,106063.87054418058
2015-08-28,105783.38733383534
2015-08-31,104683.9011617414
2015-09-01,104165.77795275401
2015-09-02,104720.37888985423
2015-09-03,102518.90034326466
2015-09-04,102209.03837215445
2015-09-07,107009.7084817751
2015-09-08,110218.97631759384
2015-09-09,111406.37623905165
2015-09-10,111695.23291877577
2015-09-11,112071.46212890274
2015-09-14,112480.11296810345
2015-09-15,114302.41307639724
2015-09-16,116397.01622691435
2015-09-18,116418.09253553419
2015-09-21,116713.18550686522
2015-09-22,117050.40388769608
2015-09-23,115260.95872063536
2015-09-24,115175.04716923219
2015-09-28,116873.17602664928
2015-09-29,121050.71564754276
2015-09-30,121387.64483937681
2015-10-01,124658.51353665385
2015-10-05,125457.16972568166
2015-10-06,123131.89950211286
2015-10-07,119803.65195137754
2015-10-08,123095.07580354977
2015-10-09,121360.7557867088
2015-10-12,121639.25182653808
2015-10-13,122912.00986180484
2015-10-14,124410.93066851844
2015-10-15,125757.79266107593
2015-10-16,124780.2362870805
2015-10-19,126351.26972160164
2015-10-20,127748.40084413049
2015-10-21,129038.85327135722
2015-10-23,129291.37097619791
2015-10-26,128543.75615830779
2015-10-27,122880.04133380772
2015-10-28,121240.25577518796
2015-10-29,120223.77351972093
2015-10-30,119773.7623472882
2015-11-02,119972.81328187553
2015-11-03,119618.94576543424
2015-11-04,117204.1838460132
2015-11-05,115923.85839252705
2015-11-06,114197.15259666962
2015-11-09,113587.21916622318
2015-11-10,110780.02679117449
2015-11-13,111717.18468655692
2015-11-16,111701.400872121
2015-11-17,110416.74167654164
2015-11-18,112939.21501856585
2015-11-19,112324.48185206596
2015-11-20,112748.43419551439
2015-11-23,111646.17020121343
2015-11-24,112852.57510421853
2015-11-26,114348.44030382026
2015-11-27,116659.34252229649
2015-11-30,117227.62994544054
2015-12-01,115729.64280075839
2015-12-02,113760.87474595313
2015-12-03,111899.10304652789
2015-12-04,112583.8995690282
2015-12-07,111899.10304652789
2015-12-08,113756.1218850023
2015-12-09,115874.78515213863
2015-12-10,111556.61513195335
2015-12-11,112484.17801542296
2015-12-14,112361.22694432524
2015-12-15,113900.618831151
2015-12-16,115383.20186462771
2015-12-17,114297.88994890123
2015-12-18,114553.56020391347
2015-12-21,113600.1519459018
2015-12-22,114580.27067742753
2015-12-23,114979.36093936613
2015-12-24,115327.28146790536
2015-12-28,115633.01863082104
2015-12-29,114584.7747036028
2015-12-30,115463.68652388023
2015-12-31,116192.64780784262
2016-01-01,113942.22191166501
2016-01-04,114454.96565202277
2016-01-05,111512.22821521343
2016-01-06,109577.8186827493
2016-01-07,110795.50825383453
2016-01-08,108263.57124013921
2016-01-11,107042.80797381439
2016-01-12,108286.16781206767
2016-01-13,108267.14442886905
2016-01-14,107483.31851908355
2016-01-15,105802.18970391549
2016-01-18,106828.40874461431
2016-01-19,105023.50790290668
2016-01-20,105912.72089340241
2016-01-21,108931.46714308122
2016-01-22,110078.61220496387
2016-01-25,109574.23240882113
2016-01-27,111498.5122757366
2016-01-28,110040.23186577205
2016-01-29,103848.5161232664
2016-02-01,103265.45383509374
2016-02-02,102290.41200337179
2016-02-03,102814.68707048794
2016-02-04,103407.54399201139
2016-02-05,101506.47881087557
2016-02-08,101131.5224601104
2016-02-09,100093.17937289685
2016-02-10,96372.8386068608
2016-02-11,93615.86085135308
2016-02-12,98428.45305080192
2016-02-15,98413.29906151052
2016-02-16,98559.87667410556
2016-02-17,101350.03042826691
2016-02-18,102719.27946036594
2016-02-19,102538.44307348644
2016-02-22,101190.52986420687
2016-02-23,98555.34835894156
2016-02-24,98640.04083086841
2016-02-25,98535.26827188961
2016-02-26,101334.54567262095
2016-02-29,105204.51241621394
2016-03-01,107668.52309144882
2016-03-02,108907.3019263174
2016-03-03,109411.17142765607
2016-03-04,108725.05080355304
2016-03-08,109866.81694054011
2016-03-09,109435.18263883541
2016-03-10,110225.12075791697
2016-03-11,110795.52487786641
2016-03-14,109614.64009431266
2016-03-15,109480.56613144839
2016-03-16,110656.71606036786
2016-03-17,111743.30667865626
2016-03-18,113612.19947328512
2016-03-21,114508.62686343347
2016-03-22,112470.55998462006
2016-03-23,112200.52041478653
2016-03-28,113943.33932523565
2016-03-29,114771.34998107182
2016-03-30,114360.59267174956
2016-03-31,113154.37502094229
2016-04-01,113954.39639506173
2016-04-04,113562.4611703698
2016-04-05,114445.51822409585
2016-04-06,114833.00435565507
2016-04-07,115251.8610644245
2016-04-08,118787.05396331531
2016-04-11,118616.4884459325
2016-04-12,124787.14423600683
2016-04-13,124468.55417929396
2016-04-18,124960.9063630863
2016-04-20,125424.72557923933
2016-04-21,123885.42179132943
2016-04-22,124355.9143092371
2016-04-25,126023.07593824106
2016-04-26,126841.2839432845
2016-04-27,127682.29054648163
2016-04-28,128073.77133689479
2016-04-29,127326.39372854558
2016-05-02,124861.61931466944
2016-05-03,125155.92291463766
2016-05-04,124791.23175544782
2016-05-05,124947.83194014485
2016-05-06,126925.54118758364
2016-05-09,128381.07032489982
2016-05-10,127446.83934308634
2016-05-11,129720.34800208185
2016-05-12,127806.14779767796
2016-05-13,127518.70465898907
2016-05-16,127440.00488015787
2016-05-17,126978.23356298941
2016-05-18,124446.63300670355
2016-05-19,124621.37598992717
2016-05-20,125187.55755187794
2016-05-23,126594.22173942887
2016-05-24,128821.77730449928
2016-05-25,131539.69926729216
2016-05-26,132775.7426035137
2016-05-27,133512.92108221856
2016-05-30,133756.24417765005
2016-05-31,134779.23817806892
2016-06-01,135628.7504003885
2016-06-02,134574.49506757376
2016-06-03,135089.02998510867
2016-06-06,135388.92369039837
2016-06-07,133310.78700159193
2016-06-08,129133.45949338406
2016-06-09,129871.45019282502
2016-06-10,128926.5473672732
2016-06-13,128311.5180356203
2016-06-14,130283.25940329058
2016-06-15,129185.00474288048
2016-06-16,128999.74591149807
2016-06-17,131024.27637364021
2016-06-20,130886.6916244155
2016-06-21,131430.81585664756
2016-06-22,132756.6325847184
2016-06-23,127273.32709711634
2016-06-24,127835.16171652525
2016-06-27,127062.3619091932
2016-06-28,128269.58916713326
2016-06-29,128568.07436764221
2016-06-30,125936.90787086728
2016-07-01,125601.99709755571
2016-07-04,126416.69260520654
2016-07-05,128591.27501729503
2016-07-07,127354.71740746252
2016-07-08,129190.0485200871
2016-07-11,130608.86627307306
2016-07-12,131305.2610819835
2016-07-13,129374.9741928585
2016-07-14,130314.79541771415
2016-07-15,129548.78696202318
2016-07-18,131035.76346201714
2016-07-19,131705.24399401582
2016-07-20,129561.66330485059
2016-07-21,130655.98278462983
2016-07-22,133278.36388748506
2016-07-25,132947.63550443228
2016-07-26,134247.08845789335
2016-07-27,136418.99721438068
2016-07-28,136421.5406042265
2016-07-29,135695.68265619443
2016-08-01,136139.27494410242
2016-08-02,136277.44865523302
2016-08-03,136147.19655263735
2016-08-04,139334.91635021378
2016-08-05,141117.32655667636
2016-08-08,141316.1328979821
2016-08-09,137607.38567095273
2016-08-10,137758.8068028757
2016-08-11,137809.26581528995
2016-08-12,139266.05890813775
2016-08-16,138733.7610266115
2016-08-17,139384.0804129974
2016-08-18,139098.04206666446
2016-08-19,138301.3138252387
2016-08-22,141142.00825221423
2016-08-23,139568.3575639735
2016-08-24,136763.5283209553
2016-08-25,134664.8656928948
2016-08-26,135001.4028665333
2016-08-29,138332.5693840603
2016-08-30,140791.39469868416
2016-08-31,141022.46887829635
2016-09-01,140247.70295813578
2016-09-02,142035.04544121565
2016-09-06,141721.7034516718
2016-09-07,143915.0877193546
2016-09-08,145467.88852820388
2016-09-09,145739.45480551664
2016-09-12,144577.9594701712
2016-09-14,144107.82814310858
2016-09-15,146589.83475320556
2016-09-16,146734.9965912436
2016-09-19,145207.09617711135
2016-09-20,145981.4158411465
2016-09-21,146403.15284917742
2016-09-22,147640.63466614299
2016-09-23,147825.28934609148
2016-09-26,149980.1353365861
2016-09-27,149864.72366746323
2016-09-28,148458.3140051626
2016-09-29,147917.95283852002
2016-09-30,149585.57666101295
2016-10-03,149179.27206789106
2016-10-04,148013.31139988636
2016-10-05,148162.10929466403
2016-10-06,146862.6343715184
2016-10-07,149386.34990075257
2016-10-10,146160.54640190222
2016-10-13,146050.5589767592
2016-10-14,145819.14395746577
2016-10-17,148149.0925258472
2016-10-18,147834.35493429523
2016-10-19,148207.85139593054
2016-10-20,149905.1547124506
2016-10-21,148288.1303314086
2016-10-24,146858.83192803268
2016-10-25,145917.4572871759
2016-10-26,144378.00976735272
2016-10-27,143514.74337812426
2016-10-28,142356.57583281118
2016-11-01,138665.59982883828
2016-11-02,138692.6842345424
2016-11-03,136200.4397891665
2016-11-04,135604.47012941778
2016-11-07,135922.7659149398
2016-11-08,132561.3569251521
2016-11-09,129946.90564599357
2016-11-10,128834.4283922369
2016-11-11,126731.67110157172
2016-11-15,126879.55836765864
2016-11-16,125382.70088894741
2016-11-17,124061.1825271983
2016-11-18,124563.72319709919
2016-11-21,124496.19150569802
2016-11-22,123114.12731999105
2016-11-23,124946.81941413053
2016-11-24,125750.39455556241
2016-11-25,123429.7346248676
2016-11-28,123502.25630388378
2016-11-29,122555.28138303227
2016-11-30,123508.45516598207
2016-12-01,123137.0900950689
2016-12-02,123025.68229093126
2016-12-05,122820.23119720389
2016-12-06,121255.73903686127
2016-12-07,123154.02208994921
2016-12-08,123030.84240935015
2016-12-09,121380.96288009593
2016-12-12,121174.72393414391
2016-12-13,119410.27522228462
2016-12-14,119295.68201090803
2016-12-15,120528.60551948652
2016-12-16,120858.64874921256
2016-12-19,123519.84074493809
2016-12-20,123321.26490784583
2016-12-21,122600.15207423104
2016-12-22,123067.03327174511
2016-12-23,122357.37008862873
2016-12-26,124374.34766097207
2016-12-27,124318.30874713787
2016-12-28,123552.61605742478
2016-12-29,125824.84020506832
2016-12-30,124642.04001149513
2017-01-02,123739.38735090541
2017-01-03,124224.93250763505
2017-01-04,124025.72484616905
2017-01-05,124459.63323765414
2017-01-06,124621.2532780644
2017-01-09,126617.96038366384
2017-01-10,127112.87091437752
2017-01-11,128203.914978298
2017-01-12,129044.18069890856
2017-01-13,126379.46276145612
2017-01-16,122269.55630243605
2017-01-17,121247.9620358406
2017-01-18,121382.9974563817
2017-01-19,120455.32529290326
2017-01-20,120963.17054288666
2017-01-23,121574.09098968004
2017-01-24,120390.65279837846
2017-01-25,125971.37015286482
2017-01-27,128392.23004185452
2017-01-30,128441.39217205097
2017-01-31,128988.24416119854
2017-02-01,128232.48721173294
2017-02-02,127022.04022072969
2017-02-03,128005.14645259122
2017-02-06,126684.10171515438
2017-02-07,125911.01689471786
2017-02-08,127188.29011766554
2017-02-09,131614.85438482923
2017-02-10,131638.21573883874
2017-02-13,133040.37890943978
2017-02-14,131217.57250547234
2017-02-15,133239.56886136453
2017-02-16,134238.07938151626
2017-02-17,139495.21766564023
2017-02-20,141155.56312898136
2017-02-21,138072.343361427
2017-02-22,142097.42501216664
2017-02-23,142558.32832635302
2017-02-27,141207.0995407507
2017-02-28,141364.52708167254
2017-03-01,140191.27523665773
2017-03-02,139876.39353084302
2017-03-03,140257.31599689057
2017-03-06,140810.90822729602
2017-03-07,141420.42410892865
2017-03-08,141623.55169618776
2017-03-09,142222.88390888707
2017-03-10,143299.6371707679
2017-03-14,143898.96938346725
2017-03-15,143975.15387667675
2017-03-16,144252.2285492331
2017-03-17,141645.29824290454
2017-03-20,139765.24118889074
2017-03-21,136143.3325420471
2017-03-22,137145.13247655306
2017-03-23,141152.35915047533
2017-03-24,137241.667388468
2017-03-27,136654.80037321753
2017-03-28,137850.49227192198
2017-03-29,139386.2343998328
2017-03-30,144898.51146072586
2017-03-31,150053.80203073306
2017-04-03,149085.5637416028
2017-04-05,149631.9064492254
2017-04-06,146929.9954788503
2017-04-07,146518.65130313052
2017-04-10,146340.21926565125
2017-04-11,144764.4832245757
2017-04-12,145795.58732025823
2017-04-13,145589.3574911244
2017-04-17,146104.90052896834
2017-04-18,144635.60422261275
2017-04-19,140614.35230943488
2017-04-20,138758.41899719037
2017-04-21,138500.62495327505
2017-04-24,140485.47330747193
2017-04-25,142753.8572679868
2017-04-26,141336.11616641533
2017-04-27,143578.74054453283
2017-04-28,144149.02610888932
2017-05-02,144101.72626204992
2017-05-03,142823.82796321766
2017-05-04,139700.11222981295
2017-05-05,141799.72165259602
2017-05-08,141887.4892193033
2017-05-09,140675.23632299263
2017-05-10,141700.4876581686
2017-05-11,144724.7909122785
2017-05-12,144997.69490459957
2017-05-15,148924.33658482047
2017-05-16,150530.5671110712
2017-05-17,155487.25923519107
2017-05-18,155901.6703000546
2017-05-19,154276.9436365902
2017-05-22,155393.93878090562
2017-05-23,155724.00242497335
2017-05-24,160733.4080705827
2017-05-25,162681.23941780347
2017-05-26,159316.81953071803
2017-05-29,162605.34000935592
2017-05-30,162318.56757994893
2017-05-31,159161.1877245533
2017-06-01,158191.6113619373
2017-06-02,158987.1825882783
2017-06-05,158589.3969751078
2017-06-06,161448.4202409675
2017-06-07,159210.91092619963
2017-06-08,159689.11823745945
2017-06-09,158427.92034701226
2017-06-12,157976.33640371272
2017-06-13,160083.69306326733
2017-06-14,158929.69782193334
2017-06-15,158804.24906872268
2017-06-16,160861.42973457734
2017-06-19,162679.42822564
2017-06-20,161928.45442269286
2017-06-21,161094.08780253382
2017-06-22,162345.6640396548
2017-06-23,159557.41813822903
2017-06-27,159442.5908510053
2017-06-28,158781.33026980993
2017-06-29,157333.4112515812
2017-06-30,157453.09985960007
2017-07-03,162116.1003394276
2017-07-04,161665.05250835625
2017-07-05,161002.0004593726
2017-07-06,161880.72886980962
2017-07-07,162769.19045164413
2017-07-10,163162.43585706578
2017-07-11,160766.83954250405
2017-07-12,161224.8907422138
2017-07-13,157998.92314710122
2017-07-14,157867.13406239857
2017-07-17,158717.26006289246
2017-07-18,161435.7714680879
2017-07-19,161112.80180640463
2017-07-20,162882.74199466093
2017-07-21,164619.43899229408
2017-07-24,167273.48579422283
2017-07-25,166265.1750347297
2017-07-26,161432.0082062032
2017-07-27,161601.1849799385
2017-07-28,162089.05649094633
2017-07-31,160924.97279264397
2017-08-01,163493.97271025987
2017-08-02,165591.3342179358
2017-08-03,165549.29422887065
2017-08-04,162940.8863520757
2017-08-07,160416.55959956447
2017-08-08,157756.52426858814
2017-08-09,157721.8841241833
2017-08-10,153929.04946467883
2017-08-11,156530.72132256732
2017-08-14,155839.14593490664
2017-08-16,163134.10647774072
2017-08-17,161909.72719661606
2017-08-18,153167.55528254388
2017-08-21,153501.45021089606
2017-08-22,155929.69714592904
2017-08-23,155459.71493037624
2017-08-24,155310.97918713817
2017-08-28,153892.06817876326
2017-08-29,157101.18768258832
2017-08-30,157802.94238909672
2017-08-31,158665.3459176159
2017-09-01,155258.98481934596
2017-09-04,155552.20689623716
2017-09-05,154465.63209944422
2017-09-06,154491.4683964232
2017-09-07,152516.67944357768
2017-09-08,151889.87125089843
2017-09-11,152098.8292719926
2017-09-12,152516.67944357768
2017-09-13,152378.82949904492
2017-09-14,153549.1205500489
2017-09-15,153120.19034583477
2017-09-18,153071.1485500553
2017-09-19,154631.7893151416
2017-09-20,153573.1078548223
2017-09-21,149201.47488658185
2017-09-22,148711.5222242623
2017-09-25,148095.9350414333
2017-09-26,146790.38721950326
2017-09-27,146551.45163318084
2017-09-28,146896.66081210232
2017-09-29,147650.4962436826
2017-10-03,147279.6119334318
2017-10-04,147410.7634415281
2017-10-05,147533.6886387928
2017-10-06,147425.18046796415
2017-10-09,146367.2771145715
2017-10-10,145173.78985982976
2017-10-11,147951.993132259
2017-10-12,150555.06584358102
2017-10-13,151071.6096264682
2017-10-16,150591.66455431882
2017-10-17,151994.9010600292
2017-10-18,150359.8621297413
2017-10-19,151571.8979055989
2017-10-23,151881.01722459096
2017-10-24,146024.0903867355
2017-10-25,147905.39400983238
2017-10-26,147749.26739590272
2017-10-27,149573.08791892434
2017-10-30,149349.1388812023
2017-10-31,155968.0858240963
2017-11-01,155269.89545284578
2017-11-02,155900.81654931387
2017-11-03,156245.69505774783
2017-11-06,151922.7607246047
2017-11-07,148755.97326481878
2017-11-08,148910.75369016614
2017-11-09,148434.19458145308
2017-11-10,147745.78546614049
2017-11-13,147303.44151148785
2017-11-14,147722.4802250832
2017-11-15,153402.93339667266
2017-11-16,156360.8458255048
2017-11-17,156138.46867564358
2017-11-20,156826.53312626353
2017-11-21,157591.0098643989
2017-11-22,160342.3930744726
2017-11-23,161086.3272438564
2017-11-24,161621.43699186985
2017-11-27,162300.0937073397
2017-11-28,161970.41410243858
2017-11-29,160882.58269460293
2017-11-30,159679.41090667518
2017-12-01,159156.31353309113
2017-12-04,161292.30058688865
2017-12-05,158254.03860293425
2017-12-06,158811.29880984584
2017-12-07,161382.01790109955
2017-12-08,161745.5420262167
2017-12-11,161648.42598356493
2017-12-12,159204.77616966714
2017-12-13,160664.5237783913
2017-12-14,160359.39491059064
2017-12-15,160577.33896015093
2017-12-18,163072.56255086785
2017-12-19,164164.22901783886
2017-12-20,164177.41924501935
2017-12-21,164911.1871215016
2017-12-22,165079.48014321201
2017-12-26,164054.54127150527
2017-12-27,164496.01006625168
2017-12-28,169145.45820677938
2017-12-29,167152.32253304965
2018-01-01,168761.2020805624
2018-01-02,169239.00223757513
2018-01-03,170422.31422965814
2018-01-04,170968.6151120392
2018-01-05,170693.38458838794
2018-01-08,171566.5416183048
2018-01-09,171237.19894826197
2018-01-10,172004.21472517718
2018-01-11,171338.2448045641
2018-01-12,171365.31593757134
2018-01-15,177902.091108378
2018-01-16,180279.64217112472
2018-01-17,182104.87510370425
2018-01-18,184669.6840066379
2018-01-19,194934.34961611667
2018-01-22,200923.79649293327
2018-01-23,205626.26477822664
2018-01-24,207443.41994397892
2018-01-25,205632.2968519643
2018-01-29,203102.52159621636
2018-01-30,199563.24480061323
2018-01-31,195746.7114385931
2018-02-01,189470.5753290662
2018-02-02,188633.6381042447
2018-02-05,189205.79726986037
2018-02-06,189693.62493481534
2018-02-07,190435.15251589302
2018-02-08,190275.08419477593
2018-02-09,194015.49930751216
2018-02-12,197861.91637526712
2018-02-14,198816.6695599378
2018-02-15,199305.89962110133
2018-02-16,198498.8697673003
2018-02-19,196946.91336836145
2018-02-20,198157.46793527616
2018-02-21,198672.03784686897
2018-02-22,200339.4626811935
2018-02-23,203008.5967217418
2018-02-26,205560.5178312937
2018-02-27,205067.32747857852
2018-02-28,203995.3060818444
2018-03-01,208571.9026955593
2018-03-05,205581.34123401623
2018-03-06,200819.0093612513
2018-03-07,203038.02577187703
2018-03-08,205075.9182141046
2018-03-09,206295.8661788571
2018-03-12,195119.85827630205
2018-03-13,195565.6338517664
2018-03-14,197275.3141334906
2018-03-15,194733.1111583868
2018-03-16,193748.70649373758
2018-03-19,192515.45011829134
2018-03-20,190669.4073128036
2018-03-21,193060.99663708158
2018-03-22,190031.6657633341
2018-03-23,191562.2688875679
2018-03-26,193649.9352717224
2018-03-27,189864.23977878786
2018-03-28,178609.48712187732
2018-04-02,179127.7849839995
2018-04-03,178201.81345884
2018-04-04,180850.26713830794
2018-04-05,181407.82046797246
2018-04-06,182403.46903125788
2018-04-09,183258.15446049068
2018-04-10,186015.88545657846
2018-04-11,185586.2383131234
2018-04-12,186557.05344771256
2018-04-13,188214.27454823052
2018-04-16,188834.52443589031
2018-04-17,187293.60176636477
2018-04-18,187913.85165402456
2018-04-19,189551.69388819358
2018-04-20,191206.38025998906
2018-04-23,194422.83911725815
2018-04-24,195407.9765636626
2018-04-25,198119.2890801943
2018-04-26,199592.84864268656
2018-04-27,202001.00771867463
2018-04-30,203972.17214907432
2018-05-02,203806.48545450604
2018-05-03,205939.9055701953
2018-05-04,207677.87416697963
2018-05-07,204614.4972429404
2018-05-08,205518.55837634063
2018-05-09,206454.94201543307
2018-05-10,206795.90690000815
2018-05-11,206241.9282091768
2018-05-14,204642.76641500607
2018-05-15,203854.71561462386
2018-05-16,203732.1662890233
2018-05-17,204330.22936680095
2018-05-18,206615.59964782308
2018-05-21,207329.84118990912
2018-05-22,208579.67382026935
2018-05-23,210540.89143635094
2018-05-24,212947.3597999733
2018-05-25,216498.7941457875
2018-05-28,217824.83058482132
2018-05-29,214067.95613284718
2018-05-30,214744.1736350012
2018-05-31,217373.97153766788
2018-06-01,215458.01010346878
2018-06-04,212660.21400149917
2018-06-05,214174.9668154088
2018-06-06,215391.18597319088
2018-06-07,214049.05492345412
2018-06-08,213312.71764311663
2018-06-11,214057.50615368332
2018-06-12,216552.6192851354
2018-06-13,217186.90856929298
2018-06-14,216355.44326717447
2018-06-15,215056.1546838076
2018-06-18,214527.0189092727
2018-06-19,214794.7981667615
2018-06-20,218274.60298659664
2018-06-21,218502.15244269746
2018-06-22,219718.76171975213
2018-06-25,214140.7485140954
2018-06-26,207413.98418100885
2018-06-27,210615.03253704341
2018-06-28,216744.35116247192
2018-06-29,213125.8554197041
2018-07-02,215499.85682306436
2018-07-03,218971.4911894572
2018-07-04,221074.22584848964
2018-07-05,224065.41273755435
2018-07-06,226612.67807772045
2018-07-09,227057.61987646268
2018-07-10,239747.92281044353
2018-07-11,235008.967119074
2018-07-12,236631.0751209778
2018-07-13,235323.65652057854
2018-07-16,234449.7340663882
2018-07-17,234390.43691517983
2018-07-18,235456.7824896354
2018-07-19,237263.03817797048
2018-07-20,233729.65994367472
2018-07-23,232711.8201474662
2018-07-24,233591.57961006806
2018-07-25,242947.10674003416
2018-07-26,249368.50347619824
2018-07-27,261403.12531998008
2018-07-30,264131.290794973
2018-07-31,261993.27913356392
2018-08-01,261915.87366627724
2018-08-02,263937.83301518037
2018-08-03,263270.3575669459
2018-08-06,264682.76981912553
2018-08-07,263676.6384654589
2018-08-08,267004.6264513935
2018-08-09,268068.7979334191
2018-08-10,272577.0935465214
2018-08-13,277832.6781333842
2018-08-14,275583.51633839624
2018-08-16,276166.67588852666
2018-08-17,275782.4956874794
2018-08-20,278529.3770217353
2018-08-21,280938.29422292823
2018-08-23,277098.34451474284
2018-08-24,285281.5893564591
2018-08-27,284442.26598144555
2018-08-28,285911.0818877192
2018-08-29,289016.55203115835
2018-08-30,294098.0513566257
2018-08-31,291137.2925141814
2018-09-03,286214.5549216066
2018-09-04,285384.53845232783
2018-09-05,286270.33084461506
2018-09-06,286932.92932176444
2018-09-07,284728.9232434426
2018-09-10,279044.5248318654
2018-09-11,278730.8344686433
2018-09-12,278875.4663545074
2018-09-14,280056.8161809357
2018-09-17,274166.7296282233
2018-09-18,275972.4931305411
2018-09-19,277224.74073549174
2018-09-21,270956.33140904753
2018-09-24,270637.4265417493
2018-09-25,275211.83379636396
2018-09-26,277876.2641859539
2018-09-27,279889.02454644477
2018-09-28,286253.2652235931
2018-10-01,280071.3435411674
2018-10-03,260816.5409385079
2018-10-04,261822.3982475208
2018-10-05,259117.97301573938
2018-10-08,258531.7815656722
2018-10-09,262068.83475306132
2018-10-10,258125.47153132752
2018-10-11,260214.7379668182
2018-10-12,263263.7443287154
2018-10-15,261926.38654989348
2018-10-16,259113.1194002313
2018-10-17,258214.24263130623
2018-10-19,256854.3133720511
2018-10-22,248411.48059687697
2018-10-23,245464.96720182424
2018-10-24,241955.75400808736
2018-10-25,236305.4325932495
2018-10-26,246007.30917757843
2018-10-29,249136.63338988923
2018-10-30,249006.37486843488
2018-10-31,248697.99550109898
2018-11-01,247038.00893625978
2018-11-02,250577.30425018456
2018-11-05,256123.3112730724
2018-11-06,257375.67995409438
2018-11-07,253009.08339897398
2018-11-09,253757.8594019187
2018-11-12,254330.92075251296
2018-11-13,247193.76659122706
2018-11-14,246168.48503109813
2018-11-15,247975.81041091212
2018-11-16,252946.75009194465
2018-11-19,250175.3025251834
2018-11-20,249371.4516969919
2018-11-21,249447.16249413686
2018-11-22,254064.3299963282
2018-11-26,260140.34480289737
2018-11-27,263331.10620349395
2018-11-28,266952.16529095935
2018-11-29,268000.6114507025
2018-11-30,269927.26799185394
2018-12-03,268958.5969503336
2018-12-04,267447.4332475385
2018-12-05,260154.39555920093
2018-12-06,262504.37964517897
2018-12-07,252421.41438910633
2018-12-10,249834.16431897905
2018-12-11,252957.758074914
2018-12-12,252668.5950402605
2018-12-13,253579.82989955207
2018-12-14,254159.69252704608
2018-12-17,253337.66465125605
2018-12-18,256309.90432607045
2018-12-19,257158.0980450099
2018-12-20,250720.27134397338
2018-12-21,248202.1308877564
2018-12-24,246309.03991844895
2018-12-26,251185.13696488374
2018-12-27,251242.47935036884
2018-12-28,252007.32678554114
2018-12-31,254340.17019846643
2019-01-01,255869.97434443844
2019-01-02,253862.43997447175
2019-01-03,255233.12157046146
2019-01-04,255618.83254153002
2019-01-07,253491.34893294738
2019-01-08,255154.76940044813
2019-01-09,254154.30964232577
2019-01-10,254564.14216702827
2019-01-11,253328.62589886595
2019-01-14,255769.50259503027
2019-01-15,257184.6264056041
2019-01-16,258652.42332462882
2019-01-17,258403.77875877748
2019-01-18,259498.189012898
2019-01-21,258573.66809950632
2019-01-22,254998.01118143467
2019-01-23,258526.1137613671
2019-01-24,257757.46304395093
2019-01-25,256300.19393096547
2019-01-28,259938.24060996732
2019-01-29,257045.23289841812
2019-01-30,256026.6123062879
2019-01-31,249142.08126989368
2019-02-01,250864.21597926226
2019-02-04,250166.74752849675
2019-02-05,253868.09722983665
2019-02-06,254859.20879815178
2019-02-07,255509.1931666938
2019-02-08,257555.56251480378
2019-02-11,258202.90213374858
2019-02-12,254624.65348284383
2019-02-14,253292.10094690332
2019-02-15,250775.10374040704
2019-02-18,250073.1330887481
2019-02-19,255735.40631580458
2019-02-20,258335.5798861843
2019-02-21,258863.92156231977
2019-02-22,265890.6469600893
2019-02-25,260357.497434851
2019-02-26,258376.02157755196
2019-02-27,261815.55837565922
2019-02-28,264881.2273762731
2019-03-01,271610.7773229063
2019-03-05,273181.8212666592
2019-03-06,275053.51983671135
2019-03-07,276337.73616972315
2019-03-08,284406.9592309059
2019-03-11,290092.5115515304
2019-03-12,297515.252111876
2019-03-13,297274.71489861904
2019-03-14,302945.86487207114
2019-03-15,309455.61273854476
2019-03-18,315529.9129695117
2019-03-19,314320.9861805469
2019-03-20,313440.96978110267
2019-03-22,310129.89245916205
2019-03-25,318701.9622759668
2019-03-26,317974.11102402175
2019-03-27,323917.94614051614
2019-03-28,331503.80701865256
2019-04-01,330588.1775288391
2019-04-02,327138.83782417927
2019-04-03,321869.753128109
2019-04-04,327270.1238431782
2019-04-05,330857.1612067664
2019-04-08,334172.57157501613
2019-04-09,331690.4039056568
2019-04-10,328317.0438458337
2019-04-11,330549.4085211443
2019-04-12,346761.0066805887
2019-04-15,349222.9563174313
2019-04-16,345822.878737339
2019-04-18,342061.0771066381
2019-04-22,338533.008188884
2019-04-23,343727.1638281638
2019-04-24,338842.46272277506
2019-04-25,348954.6547512126
2019-04-26,354538.6217165539
2019-04-30,360405.703457826
2019-05-02,366100.36975107866
2019-05-03,370539.2785425706
2019-05-06,356873.75739518995
2019-05-07,357022.95822849474
2019-05-08,356275.64588852756
2019-05-09,359731.9361407119
2019-05-10,361162.161370896
2019-05-13,358226.43212504004
2019-05-14,359355.57806031423
2019-05-15,361645.14221391326
2019-05-16,368452.56649891264
2019-05-17,367689.0750363177
2019-05-20,361021.47744271904
2019-05-21,361183.15743536584
2019-05-22,359431.6794380121
2019-05-23,358372.9834518782
2019-05-24,357817.1283520786
2019-05-27,361393.5301706405
2019-05-28,361244.5787593046
2019-05-29,365839.05519177305
2019-05-30,367933.70154103474
2019-05-31,371374.8909895385
2019-06-03,368037.90468820086
2019-06-04,361421.29433342785
2019-06-06,358031.356376812
2019-06-07,357601.64335920743
2019-06-10,358803.27737797535
2019-06-11,359613.1479953476
2019-06-12,358290.45158171176
2019-06-13,355671.88837115583
2019-06-14,346156.12081826426
2019-06-17,345805.2691454751
2019-06-18,343880.2307699566
2019-06-19,355020.74983296887
2019-06-20,352890.92014090583
2019-06-21,351785.0984543693
2019-06-24,353349.1492279231
2019-06-25,359052.31779447285
2019-06-26,358237.5794278229
2019-06-27,358948.6008091713
2019-06-28,358605.2657336015
2019-07-01,361332.5389390133
2019-07-02,362477.12280625687
2019-07-03,362886.9459591009
2019-07-04,355073.41965970217
2019-07-05,357092.41292708187
2019-07-08,365092.4033394756
2019-07-09,366565.60493406985
2019-07-10,369389.1821399711
2019-07-11,367355.865653394
2019-07-12,366093.49929601216
2019-07-15,368087.4091428729
2019-07-16,368174.0736651341
2019-07-17,362929.35990162095
2019-07-18,357474.6839443559
2019-07-19,359396.0893443747
2019-07-22,359789.1158940832
2019-07-23,357123.5489968936
2019-07-24,362420.4499501948
2019-07-25,368401.74215323257
2019-07-26,380452.8897926255
2019-07-29,371011.9372370082
2019-07-30,370357.74933395284
2019-07-31,363772.2541350208
2019-08-01,367227.0681405997
2019-08-02,354514.34532396874
2019-08-05,349847.8477522927
2019-08-06,343987.63761380466
2019-08-07,357304.9697358075
2019-08-08,365121.0065639968
2019-08-09,356517.675251678
2019-08-13,357978.7839934369
2019-08-14,357697.7586704691
2019-08-16,359129.44699886296
2019-08-19,363072.7189887965
2019-08-20,358848.89423647744
2019-08-21,347570.9273832644
2019-08-22,352543.0176129175
2019-08-23,350042.33142993826
2019-08-26,342234.9930750816
2019-08-27,350020.5490533191
2019-08-28,346820.1717168141
2019-08-29,346975.898000054
2019-08-30,344328.3910139459
2019-09-03,350059.51065619703
2019-09-04,348097.21533344756
2019-09-05,349771.4030172381
2019-09-06,353435.8552928458
2019-09-09,352676.1275416663
2019-09-11,345804.95895246405
2019-09-12,354993.1496085053
2019-09-13,352901.6909840933
2019-09-16,347743.74087568535
2019-09-17,344032.59154747607
2019-09-18,336428.3035579364
2019-09-19,363318.17232130724
2019-09-20,358930.04246344866
2019-09-23,370371.0861796222
2019-09-24,370617.2896909862
2019-09-25,375613.70557036664
2019-09-26,379161.83077018854
2019-09-27,390528.95885285415
2019-09-30,382334.80819873186
2019-10-01,384765.99509595934
2019-10-03,372699.86021630804
2019-10-04,374680.8931050101
2019-10-07,393230.3340166291
2019-10-09,392929.26014091796
2019-10-10,408861.15086424426
2019-10-11,410771.03532913065
2019-10-14,417131.763062115
2019-10-15,416466.70813515625
2019-10-16,416091.5185907215
2019-10-17,419161.08381530805
2019-10-18,417948.8031896384
2019-10-22,421758.7892376871
2019-10-23,424183.16048915224
2019-10-24,432933.74040786875
2019-10-25,431049.21308457555
2019-10-27,447175.1538328257
2019-10-29,458981.7188703995
2019-10-30,452363.70727824746
2019-10-31,451582.1964850086
2019-11-01,459641.8305155283
2019-11-04,461296.84084713657
2019-11-05,458500.07546231884
2019-11-06,457840.09208567947
2019-11-07,446233.4166546553
2019-11-08,443870.3493054172
2019-11-11,435647.06429457077
2019-11-13,444437.47845573426
2019-11-14,443555.39931739523
2019-11-15,444374.44462375436
2019-11-18,449195.086235825
2019-11-19,449289.50548066833
2019-11-20,449447.0900606181
2019-11-21,436812.83951119496
2019-11-22,439900.5329219488
2019-11-25,435174.3982234726
2019-11-26,436317.74332545284
2019-11-27,431846.72780059726
2019-11-28,435140.26197014
2019-11-29,432859.4430316753
2019-12-02,429319.97413312417
2019-12-03,435774.9708400632
2019-12-04,439463.6014793837
2019-12-05,439617.25522166904
2019-12-06,444621.6156717861
2019-12-09,441610.58516034484
2019-12-10,445627.81807222974
2019-12-11,433916.1838935516
2019-12-12,439601.9687044024
2019-12-13,451381.1256697379
2019-12-16,450257.3860037498
2019-12-17,450839.8229726296
2019-12-18,463588.76724819804
2019-12-19,460464.4835614958
2019-12-20,463265.52855508775
2019-12-23,459923.3431309821
2019-12-24,457132.7343526288
2019-12-26,458769.98282296513
2019-12-27,455577.2458995034
2019-12-30,451090.7895675327
2019-12-31,452321.84687472705
2020-01-01,450245.6296109812
2020-01-02,443824.7867666528
2020-01-03,434219.77050733176
2020-01-06,431907.03028180415
2020-01-07,428663.26713494194
2020-01-08,438535.9579930439
2020-01-09,438436.8268604269
2020-01-10,437317.85773396335
2020-01-13,440622.25875050644
2020-01-14,439023.28923841845
2020-01-15,440293.8296198001
2020-01-16,436113.396555801
2020-01-17,426532.5432453694
2020-01-20,422946.66236347234
2020-01-21,416415.82885248674
2020-01-22,414345.02815387055
2020-01-23,412917.1515207549
2020-01-24,410241.1837141914
2020-01-27,400764.96698056813
2020-01-28,395415.4923409365
2020-01-29,385769.593114416
2020-01-30,377192.4991298977
2020-01-31,366888.34097176435
2020-02-03,378269.04942617635
2020-02-04,382836.6674711146
2020-02-05,381344.91871346126
2020-02-06,382814.0679842631
2020-02-07,382228.5877988055
2020-02-10,386794.8191917609
2020-02-11,391467.4607851607
2020-02-12,389085.43882760406
2020-02-13,392537.64532245806
2020-02-14,395961.4699099964
2020-02-17,395669.0988558835
2020-02-18,398300.9877404328
2020-02-19,391128.6634275689
2020-02-20,383611.9508794536
2020-02-24,376032.36784584407
2020-02-25,369554.52313839016
2020-02-26,366404.68769059045
2020-02-27,351180.2080157986
2020-02-28,347876.28235507396
2020-03-02,354933.4020510703
2020-03-03,345037.39246993023
2020-03-04,351968.9944550325
2020-03-05,339306.4998615059
2020-03-06,297433.79990952316
2020-03-09,302566.9888895293
2020-03-11,278396.9035918178
2020-03-12,291617.5977956808
2020-03-13,264741.6806743744
2020-03-16,258748.89812326513
2020-03-17,250153.2835755895
2020-03-18,255420.39100157304
2020-03-19,283322.64875593194
2020-03-20,254879.05227625367
2020-03-23,266097.32566635846
2020-03-24,305261.62545727583
2020-03-25,312351.1446749602
2020-03-26,312175.3592546617
2020-03-27,301877.8887464562
2020-03-30,326281.2683682375
2020-03-31,305313.6601122003
2020-04-01,295566.80412917165
2020-04-03,325437.65021852055
2020-04-07,322822.8283233662
2020-04-08,325199.5705064747
2020-04-09,325787.3294938484
2020-04-13,326630.6930641408
2020-04-15,332854.5228812906
2020-04-16,344413.20989088464
2020-04-17,357485.21513899
2020-04-20,346486.6210920462
2020-04-21,351219.7879920934
2020-04-22,371712.46507448587
2020-04-23,360057.0629945668
2020-04-24,363668.5745884602
2020-04-27,361534.58606660215
2020-04-28,379273.6280462651
2020-04-29,401108.95947353746
2020-04-30,377675.92277095036
2020-05-04,377675.92277095036
2020-05-05,373303.2331244829
2020-05-06,372770.61270343704
2020-05-07,377956.1548946607
2020-05-08,382833.38715406496
2020-05-11,385496.2942745157
2020-05-12,389140.13081881974
2020-05-13,379699.22296520346
2020-05-14,374248.459050327
2020-05-15,380903.7484682236
2020-05-18,383200.6867354297
2020-05-19,389945.9771718894
2020-05-20,388351.18395080144
2020-05-21,371319.37716967956
2020-05-22,373424.48984069354
2020-05-26,406786.4391259939
2020-05-27,416992.78817778744
2020-05-28,419816.1273716279
2020-05-29,435697.38906963624
2020-06-01,447448.70771309786
2020-06-02,458301.02496519854
2020-06-03,468469.83989163896
2020-06-04,481062.02103700367
2020-06-05,486581.30261415284
2020-06-08,484387.5294651806
2020-06-09,486619.84298293013
2020-06-10,470422.1488293589
2020-06-11,477294.45567866915
2020-06-12,475047.8518327179
2020-06-15,492049.6895500487
2020-06-16,492530.75885332085
2020-06-17,490197.6898194407
2020-06-18,484464.14099748456
2020-06-19,489457.9284698431
2020-06-22,501247.53474625316
2020-06-23,496726.4401755653
2020-06-24,500864.66921696987
2020-06-25,498153.4341954141
2020-06-26,507395.58527053514
2020-06-29,510307.82627985254
2020-06-30,512734.2069591769
2020-07-01,511044.1423972898
2020-07-02,515164.32967677683
2020-07-03,516042.4821673836
2020-07-06,536407.2852884702
2020-07-07,528920.6411785972
2020-07-08,536642.6639941472
2020-07-09,541024.6808736041
2020-07-10,540452.4853753137
2020-07-13,528754.8286149764
2020-07-14,543836.3952282241
2020-07-15,543659.48991353
2020-07-16,563802.6550127649
2020-07-17,565634.5214886613
2020-07-20,590254.3733778993
2020-07-21,583929.6097860876
2020-07-22,586029.2222903853
2020-07-23,570416.7290281388
2020-07-24,535606.0779736867
2020-07-27,526044.3526735028
2020-07-28,524475.5952043289
2020-07-29,525270.4552165004
2020-07-30,525708.4207841752
2020-07-31,520327.0612844801
2020-08-03,557001.1368561768
2020-08-04,559427.3985223494
2020-08-05,571460.353678287
2020-08-06,568303.496286412
2020-08-07,568572.437165802
2020-08-10,574515.4348380871
2020-08-11,573733.4459962031
2020-08-12,572236.8103488983
2020-08-13,561897.5388136785
2020-08-14,560031.8908896723
2020-08-17,574569.0284710539
2020-08-18,578094.6693185464
2020-08-19,568738.0000861731
2020-08-20,564615.5954100377
2020-08-21,568385.439637567
2020-08-24,562805.9220916625
2020-08-25,565528.7990712414
2020-08-26,558464.0587601605
2020-08-27,559932.5612341226
2020-08-28,550552.4861612198
2020-08-31,547893.8892033786
2020-09-01,558643.001283002
2020-09-02,554416.8540518123
2020-09-03,545268.8944523712
2020-09-04,546686.3733174208
2020-09-07,550053.801167861
2020-09-08,538194.7083606166
2020-09-09,545330.0236716256
2020-09-10,539379.4239088123
2020-09-11,558029.8640208244
2020-09-14,560339.7728355839
2020-09-15,571347.4690500501
2020-09-16,576623.2736964392
2020-09-17,562628.1433314687
2020-09-18,566979.1790934098
2020-09-21,555744.349459997
2020-09-22,560683.0849340669
2020-09-23,548216.823216182
2020-09-24,569364.8613658224
2020-09-25,573127.5636369461
2020-09-28,577667.2688675585
2020-09-29,586392.8852334011
2020-09-30,610278.3912082589
2020-10-01,614358.0933478978
2020-10-05,626707.8736448974
2020-10-06,630083.4386691524
2020-10-07,638069.5931497167
2020-10-08,661122.3857567492
2020-10-09,665129.6697870311
2020-10-12,652289.6106671352
2020-10-13,669656.5648074362
2020-10-14,643647.2909366845
2020-10-15,652042.7181722564
2020-10-16,654326.104187962
2020-10-19,665416.7763564409
2020-10-20,649965.4472384024
2020-10-21,648933.148330774
2020-10-22,652735.1814883169
2020-10-23,653075.1738621884
2020-10-26,638972.3181403142
2020-10-27,630596.1152669174
2020-10-28,636726.1979849982
2020-10-29,628284.6344814798
2020-10-30,574141.17814874
2020-11-02,568920.736256799
2020-11-03,585733.1803672785
2020-11-04,591114.2764095763
2020-11-05,595799.2408223125
2020-11-06,608542.5432520979
2020-11-09,618587.542947447
2020-11-10,636418.538756213
2020-11-11,630937.7271006388
2020-11-12,636163.6977615331
2020-11-13,638043.7535556463
2020-11-14,635159.9275737702
2020-11-17,633232.0223389124
2020-11-18,628754.9808711009
2020-11-19,632538.584336024
2020-11-20,649588.3724374439
2020-11-23,649702.3682345888
2020-11-24,642229.8151131088
2020-11-25,643812.4429616872
2020-11-26,641171.0843236132
2020-11-27,649510.536277052
2020-12-01,654929.5138592719
2020-12-02,656837.9236427416
2020-12-03,651052.2925223467
2020-12-04,654881.5207855619
2020-12-07,666770.5028862279
2020-12-08,679402.2696998876
2020-12-09,672996.7990460206
2020-12-10,672827.695227409
2020-12-11,676235.7438229034
2020-12-14,670457.8746915838
2020-12-15,671204.8633707756
2020-12-16,667462.2677224642
2020-12-17,653365.8135251972
2020-12-18,624749.8654875123
2020-12-21,623783.6540323659
2020-12-22,626086.5839498166
2020-12-23,642287.4994380941
2020-12-24,645234.5415372192
2020-12-28,640966.93128123
2020-12-29,642722.2622059337
2020-12-30,639437.013710531
2020-12-31,640145.6407486966
2021-01-01,641224.6020634805
2021-01-04,633252.9149365149
2021-01-05,616552.7650065415
2021-01-06,612774.4064097434
2021-01-07,619437.5280629196
2021-01-08,622465.865170597
2021-01-11,626236.95603777
2021-01-12,635950.5063597087
2021-01-13,632293.6302531249
2021-01-14,620523.2123567159
2021-01-15,627482.995447496
2021-01-18,637746.2935288579
2021-01-19,649859.7712201355
2021-01-20,649981.1320133662
2021-01-21,636208.4436457086
2021-01-22,644714.4092040326
2021-01-25,632988.7611741662
2021-01-27,620922.580488197
2021-01-28,609473.8931037117
2021-01-29,614958.6661058496
2021-02-01,620006.3894753357
2021-02-02,621567.8500811924
2021-02-03,619523.4697446289
2021-02-04,619346.3243589638
2021-02-05,628264.2823391604
2021-02-08,629777.4423391303
2021-02-09,635620.7797135005
2021-02-10,661827.2899514545
2021-02-11,665868.122238205
2021-02-12,665791.767865318
2021-02-15,656005.5673461193
2021-02-16,663570.5808045326
2021-02-17,650102.7473543338
2021-02-18,643745.0386595709
2021-02-19,647467.5973589495
2021-02-22,652416.9159972467
2021-02-23,685397.2393353597
2021-02-24,685375.9576025093
2021-02-25,652362.2495248294
2021-02-26,662778.6166873997
2021-03-01,665120.9997093403
2021-03-02,673031.0630448286
2021-03-03,660946.1330719386
2021-03-04,651919.4704378458
2021-03-05,651681.1572696595
2021-03-08,661217.0206076797
2021-03-09,665551.4473904221
2021-03-10,651987.2570876693
2021-03-12,653735.4410077777
2021-03-15,663095.4743077331
2021-03-16,648811.3707062536
2021-03-17,634211.7113490338
2021-03-18,643035.5134514055
2021-03-19,636982.0141070859
2021-03-22,644734.2647740179
2021-03-23,623954.0469685469
2021-03-24,628406.8573417148
2021-03-25,636103.2266564581
2021-03-26,662719.4449634044
2021-03-30,652242.6420494189
2021-03-31,649229.5790428964
2021-04-01,623944.1273538894
2021-04-05,618100.5837165135
2021-04-06,630934.4509547951
2021-04-07,629896.7676178805
2021-04-08,618428.2155920538
2021-04-09,588227.7385768315
2021-04-12,612311.6909911537
2021-04-13,628258.4714419014
2021-04-15,625026.5637848604
2021-04-16,629089.4742953443
2021-04-19,628907.5889370869
2021-04-20,630644.2592548839
2021-04-22,629966.2140568738
2021-04-23,641048.0928769152
2021-04-26,647498.2334905019
2021-04-27,645865.0638859678
2021-04-28,654515.1467423592
2021-04-29,627756.6472031443
2021-04-30,626690.4977392323
2021-05-03,616192.0286705181
2021-05-04,625476.1033496932
2021-05-05,628658.4373870202
2021-05-06,634873.6574677577
2021-05-07,633049.6701307961
2021-05-10,635333.8072385003
2021-05-11,628760.7111884642
2021-05-12,636697.7329306928
2021-05-14,640505.5094949657
2021-05-17,644480.3258021384
2021-05-18,643037.4282555018
2021-05-19,631836.5133663559
2021-05-20,660279.7484574222
2021-05-21,657135.5446785514
2021-05-24,663740.7094016278
2021-05-25,666073.5551279384
2021-05-26,668598.8667699799
2021-05-27,660945.8710385164
2021-05-28,664215.2126453158
2021-05-31,662922.206111235
2021-06-01,658836.368219569
2021-06-02,664093.211270117
2021-06-03,662181.5561023055
2021-06-04,664093.2112701171
2021-06-07,658151.0842528439
2021-06-08,651696.5909706306
2021-06-09,655066.9163674136
2021-06-10,666674.4342148221
2021-06-11,676238.5121721652
2021-06-14,673431.511790704
2021-06-15,675825.7132693334
2021-06-16,677063.3214290849
2021-06-17,680119.1067464326
2021-06-18,683663.8846718805
2021-06-21,689533.210482752
2021-06-22,683213.3982620209
2021-06-23,692756.6883395689
2021-06-24,696827.03128168
2021-06-25,693722.5825349224
2021-06-28,682841.4605351482
2021-06-29,680954.8316743417
2021-06-30,675886.0550505316
2021-07-01,672999.2876921255
2021-07-02,680987.9733248216
2021-07-05,668951.1991531459
2021-07-06,671545.0785939855
2021-07-07,668172.0875224367
2021-07-08,657847.4207437233
2021-07-09,654761.538058778
2021-07-12,659662.5388881818
2021-07-13,673304.5711920316
2021-07-14,672126.4548899295
2021-07-15,681825.7860545871
2021-07-16,677484.4928148525
2021-07-19,681153.8398833828
2021-07-20,683773.4555328331
2021-07-22,683029.4873625609
2021-07-23,679776.7611331391
2021-07-26,676672.872605189
2021-07-27,679829.8072865504
2021-07-28,679404.6117951887
2021-07-29,673377.6764024753
2021-07-30,684421.7974078591
2021-08-02,698346.6054732571
2021-08-03,696018.7992458374
2021-08-04,698144.7216183742
2021-08-05,703640.0937915462
2021-08-06,706382.7947515654
2021-08-09,708763.7573009393
2021-08-10,701331.3198676103
2021-08-11,709218.8096450474
2021-08-12,712707.5653299858
2021-08-13,710533.4544149482
2021-08-16,707509.5771575986
2021-08-17,704178.4460453823
2021-08-18,703975.366897526
2021-08-20,706331.4343022442
2021-08-23,699059.9346342428
2021-08-24,705031.6404335676
2021-08-25,701842.6265213023
2021-08-26,694164.9685575883
2021-08-27,689797.9755194617
2021-08-30,695582.0908092089
2021-08-31,698338.976216631
2021-09-01,706748.2421906767
2021-09-02,700988.4839844492
2021-09-03,697939.9029322084
2021-09-06,699522.3560942233
2021-09-07,702709.6300539043
2021-09-08,699232.5468557754
2021-09-09,693415.3638982481
2021-09-13,690294.96460434
2021-09-14,697027.6172407797
2021-09-15,709565.9992949127
2021-09-16,702687.003187234
2021-09-17,701888.5328485015
2021-09-20,709130.416715962
2021-09-21,708983.6317356005
2021-09-22,710286.8597579355
2021-09-23,716181.1624841115
2021-09-24,726712.1828123276
2021-09-27,712335.3999422948
2021-09-28,704736.7610598907
2021-09-29,696144.8003770934
2021-09-30,687701.8131561182
2021-10-01,695499.1660150745
2021-10-04,692419.9676668023
2021-10-05,684871.0072785363
2021-10-06,697485.7475952691
2021-10-07,698677.7213516227
2021-10-08,654287.6083823579
2021-10-11,649976.4193762967
2021-10-12,651214.7414506135
2021-10-13,653710.3464201317
2021-10-14,670023.9468930489
2021-10-18,671821.5347063134
2021-10-19,664521.1543866372
2021-10-20,646565.6990637766
2021-10-21,634085.2936938555
2021-10-22,627907.0396602905
2021-10-25,642206.1783261067
2021-10-26,634085.2936938555
2021-10-27,627134.7337231684
2021-10-28,612087.5365344216
2021-10-29,612461.6302836906
2021-11-01,613014.804677877
2021-11-02,603362.1630088281
2021-11-03,606195.6276693899
2021-11-04,608591.5779654637
2021-11-08,609104.0359333989
2021-11-09,605385.9410688054
2021-11-10,606063.5268782276
2021-11-11,612639.9285130316
2021-11-12,617374.4020917584
2021-11-15,617913.1007833475
2021-11-16,615689.0541577925
2021-11-17,616983.0440036216
2021-11-18,613912.1535450105
2021-11-22,614950.6115990101
2021-11-23,611231.6546381086
2021-11-24,611693.2476593263
2021-11-25,597242.281305154
2021-11-26,606798.2226908135
2021-11-29,603685.9304244102
2021-11-30,604479.0316578024
2021-12-01,612955.7995212523
2021-12-02,608503.0729016539
2021-12-03,594390.9359145727
2021-12-06,600123.400639769
2021-12-07,609256.8340883022
2021-12-08,618919.3145664578
2021-12-09,619549.2831406721
2021-12-10,614407.6182315671
2021-12-13,617048.9377739227
2021-12-14,616042.6811829364
2021-12-15,616083.7389331877
2021-12-16,605402.091208058
2021-12-17,590148.5929966754
2021-12-20,598793.6070399779
2021-12-21,609142.7103068017
2021-12-22,607895.8372738871
2021-12-23,604404.5616397448
2021-12-24,603754.951012131
2021-12-27,603590.9427855922
2021-12-28,604622.7909170241
2021-12-29,593700.5600899312
2021-12-30,595978.1039191373
2021-12-31,612192.8343403004
2022-01-03,615778.1625621112
2022-01-04,627888.9809206527
2022-01-05,625498.65705731
2022-01-06,630546.1503720221
2022-01-07,631063.8615025393
2022-01-10,632717.6036240996
2022-01-11,640167.9343786102
2022-01-12,628385.6294700598
2022-01-13,629302.7125477206
2022-01-14,632613.2821043574
2022-01-17,626497.5654999863
2022-01-18,608982.0867747003
2022-01-19,594842.4620707195
2022-01-20,595922.7843493128
2022-01-21,586261.6452084936
2022-01-24,586036.1500048005
2022-01-25,567281.0007885812
2022-01-27,566735.1130130189
2022-01-28,573830.6068278035
2022-01-31,583721.4693906953
2022-02-01,584911.5456133669
2022-02-02,577353.4567019233
2022-02-03,572089.6857669553
2022-02-04,568605.0948501561
2022-02-07,578163.2121305293
2022-02-08,592302.2985014092
2022-02-09,591693.5204837809
2022-02-10,590537.9179706061
2022-02-11,577106.8508568892
2022-02-14,596335.7158505651
2022-02-15,594637.6215965488
2022-02-16,591721.4991226093
2022-02-17,593238.3314108079
2022-02-18,581588.9657858855
2022-02-21,582815.4840226057
2022-02-22,577618.026203572
2022-02-23,548760.3965503756
2022-02-24,566330.9456160739
2022-02-25,576144.1303760987
2022-02-28,554539.6821218693
2022-03-02,541701.1577355617
2022-03-03,533749.802408526
2022-03-04,507141.83891941636
2022-03-07,515868.9161458569
2022-03-08,517769.4953459095
2022-03-09,525907.2031459112
2022-03-10,527455.3760135198
2022-03-11,544731.359172907
2022-03-14,537726.6128716682
2022-03-15,546846.0369581955
2022-03-16,564673.4096359125
2022-03-17,557593.327792974
2022-03-21,569009.0721795424
2022-03-22,570769.398166145
2022-03-23,576527.3005933836
2022-03-24,573425.8046969092
2022-03-25,572615.973952643
2022-03-28,576313.4183567191
2022-03-29,581798.4641257954
2022-03-30,582684.6348769077
2022-03-31,581676.3038376548
2022-04-01,583471.4373242012
2022-04-04,579720.2173795925
2022-04-05,578174.9395448855
2022-04-06,583593.4175423856
2022-04-07,593301.676016454
2022-04-08,592065.4524342205
2022-04-11,591216.5390314152
2022-04-12,586547.391266293
2022-04-13,565100.1503005455
2022-04-18,543536.1111208173
2022-04-19,548436.1643890078
2022-04-20,559514.9764026063
2022-04-21,557032.4251213784
2022-04-22,547110.0618109552
2022-04-25,546817.1282433294
2022-04-26,549114.5410515273
2022-04-27,552676.5559129806
2022-04-28,546878.827798951
2022-04-29,554422.7633375555
2022-05-02,535582.5663383147
2022-05-04,534377.8663724011
2022-05-05,520117.9050548708
2022-05-06,529388.5723843694
2022-05-09,537891.8695350769
2022-05-10,528799.9314633588
2022-05-11,522582.89446717943
2022-05-12,523541.04401814606
2022-05-13,527908.0642736804
2022-05-16,548777.0708474137
2022-05-17,545434.1002278485
2022-05-18,515780.7572579981
2022-05-19,529366.0582225341
2022-05-20,522573.4077402661
2022-05-23,520442.09338637
2022-05-24,524328.8247227988
2022-05-25,539283.6483944558
2022-05-26,545024.2216139217
2022-05-27,564009.4128187562
2022-05-30,557204.7774264971
2022-05-31,555689.4069972101
2022-06-01,566757.7669756578
2022-06-02,569597.3101322815
2022-06-03,568074.132292543
2022-06-06,556773.7024357215
2022-06-07,563636.6853589558
2022-06-08,567882.2704028537
2022-06-09,556917.8948606213
2022-06-10,546819.0551693427
2022-06-13,540801.0383795598
2022-06-14,538925.4933840613
2022-06-15,528146.6382408553
2022-06-16,531629.6442141419
2022-06-17,541918.8693858165
2022-06-20,550666.4680763653
2022-06-21,543151.246652979
2022-06-22,553079.289466794
2022-06-23,548757.4578418743
2022-06-24,551757.1265910934
2022-06-27,546334.5357906391
2022-06-28,545542.9813146995
2022-06-29,548820.3708558487
2022-06-30,556883.6044284767
2022-07-01,543436.4676189158
2022-07-04,540286.8329648102
2022-07-05,546034.0248738744
2022-07-06,558106.2854086279
2022-07-07,568410.9240605171
2022-07-08,552910.065076572
2022-07-11,539942.48294517
2022-07-12,542138.1610043381
2022-07-13,536283.1019428532
2022-07-14,536846.1292888509
2022-07-15,559196.7421676177
2022-07-18,559404.2004905569
2022-07-19,566458.6761031102
2022-07-20,564674.3034915077
2022-07-21,577849.7185172889
2022-07-22,577075.2198741087
2022-07-25,577337.4464898208
2022-07-26,576789.166058621
2022-07-27,585825.2811735175
2022-07-28,593263.7613876439
2022-07-29,608725.0723977219
2022-08-01,607433.5562613211
2022-08-02,616235.5082097038
2022-08-03,629535.2556093095
2022-08-04,631430.5049709256
2022-08-05,639690.9485215427
2022-08-08,643515.9788716886
2022-08-10,645658.8774505061
2022-08-11,656099.7068216482
2022-08-12,657066.8833903515
2022-08-16,658693.6682344485
2022-08-17,654849.3779649831
2022-08-18,655720.7477843466
2022-08-19,649678.2696332572
2022-08-22,659697.9178724434
2022-08-23,657602.0944890378
2022-08-24,654030.2646700995
2022-08-25,654141.8419808106
2022-08-26,642667.2313472737
2022-08-29,663517.9517503645
2022-08-30,644011.953017149
2022-09-01,639085.8459247415
2022-09-02,649011.1828094821
2022-09-05,655842.7640566943
2022-09-06,652029.197163601
2022-09-07,652950.9403310624
2022-09-08,648884.9249152016
2022-09-09,656145.796456126
2022-09-12,661626.2097105777
2022-09-13,668425.6994463084
2022-09-14,661801.7672538206
2022-09-15,645403.2293564124
2022-09-16,646242.5698256029
2022-09-19,646345.8108355395
2022-09-20,648127.7327838572
2022-09-21,642020.2807669943
2022-09-22,629986.1344775145
2022-09-23,613936.2499307847
2022-09-26,618817.0529328524
2022-09-27,622549.499482314
2022-09-28,618445.6105432011
2022-09-29,635893.7805320069
2022-09-30,632247.519968486
2022-10-03,643907.8696294687
2022-10-04,646282.5232831376
2022-10-06,649017.6319356515
2022-10-07,641933.3267099278
2022-10-10,629152.3116552567
2022-10-11,633781.7278776079
2022-10-12,635796.2818705615
2022-10-13,648197.8794776942
2022-10-14,658601.6122872551
2022-10-17,670221.9370549053
2022-10-18,666635.0367729085
2022-10-19,674205.0173862244
2022-10-20,666386.0530366305
2022-10-21,671547.4505744324
2022-10-24,671632.4082832217
2022-10-25,674273.238166201
2022-10-27,675522.5415869292
2022-10-28,681907.8096526156
2022-10-31,696119.6779213285
2022-11-01,696556.6400185238
2022-11-02,693497.5560944388
2022-11-03,695800.6740053627
2022-11-04,701215.0854045587
2022-11-07,701005.9114825526
2022-11-09,701159.8794040628
2022-11-10,725285.4351665145
2022-11-11,721771.6924021333
2022-11-14,725732.6547364405
2022-11-15,729739.1951699154
2022-11-16,722727.7049014719
2022-11-17,725459.5422203343
2022-11-18,713986.145952122
2022-11-21,715768.3732395123
2022-11-22,718674.2559704286
2022-11-23,739851.0452128969
2022-11-24,733113.2887000421
2022-11-25,734324.4194324604
2022-11-28,741648.819494789
2022-11-29,746466.5031724876
2022-11-30,756579.5031062826
2022-12-01,750786.6173410636
2022-12-02,751634.5851839831
2022-12-05,750795.7574448076
2022-12-06,750388.9270847689
2022-12-07,750034.976125885
2022-12-08,738668.0529693129
2022-12-09,739800.4849038075
2022-12-12,743169.579246145
2022-12-13,740479.9591454996
2022-12-14,727223.1279271288
2022-12-15,712954.1868952218
2022-12-16,705998.891581477
2022-12-19,715237.2588774606
2022-12-20,720661.0418579092
2022-12-21,718709.6543608214
2022-12-22,709228.025724777
2022-12-23,720767.3545926275
2022-12-26,722229.77398238
2022-12-27,721698.0621901873
2022-12-28,724279.523789128
2022-12-29,725390.1053148813
2022-12-30,734835.666049123
2023-01-02,733939.9563035816
2023-01-03,720563.2601583162
2023-01-04,711115.079795427
2023-01-05,708759.0847564301
2023-01-06,710137.0994262574
2023-01-09,700379.6991563782
2023-01-10,704404.6305528105
2023-01-11,708168.1794684401
2023-01-12,708721.6524310682
2023-01-13,702068.1128274428
2023-01-16,701986.9800847456
2023-01-17,705516.531381574
2023-01-18,702798.3578734449
2023-01-19,694439.9994728563
2023-01-20,695517.1664380893
2023-01-23,694759.1728943507
2023-01-24,690774.8181961849
2023-01-25,660003.7486241142
2023-01-27,659329.7787096663
2023-01-30,654979.5199881046
2023-01-31,664803.2517088954
2023-02-01,654918.2734889771
2023-02-02,659422.264623967
2023-02-03,656619.7127182938
2023-02-06,657593.6342129748
2023-02-07,657514.1591607283
2023-02-08,656142.6612021511
2023-02-09,658746.4751765422
2023-02-10,659243.3954557464
2023-02-13,665345.4698469632
2023-02-14,680411.5743328966
2023-02-15,679879.9662302829
2023-02-16,674562.622700125
2023-02-17,678246.752559138
2023-02-20,671186.8699982475
2023-02-21,658019.9066938092
2023-02-22,653556.2303102174
2023-02-23,658028.3084030669
2023-02-24,644753.389186442
2023-02-27,647465.298703918
2023-02-28,653417.1291259966
2023-03-01,641017.3247288215
2023-03-02,645012.2693544813
2023-03-03,649562.8114460775
2023-03-06,650860.0513133365
2023-03-08,650919.9029424714
2023-03-09,640835.7154567081
2023-03-10,632727.7371821847
2023-03-13,634217.1135726626
2023-03-14,625115.4554817219
2023-03-15,629169.6084651235
2023-03-16,628043.6110008775
2023-03-17,620506.3809833251
2023-03-20,614781.5596700232
2023-03-21,616650.6389161528
2023-03-22,608849.6787091711
2023-03-23,596796.1808596716
2023-03-24,606073.2577277254
2023-03-27,608903.8580558534
2023-03-28,605301.3282876457
2023-03-29,631399.1805126674
2023-03-31,631507.5392060318
2023-04-03,639361.8878361165
2023-04-05,635592.5377601291
2023-04-06,644019.1718966676
2023-04-10,634342.738798819
2023-04-11,644335.0024123464
2023-04-12,626696.1827073435
2023-04-13,616997.5906724603
2023-04-17,609934.903393788
2023-04-18,601918.0442808558
2023-04-19,604879.2983887997
2023-04-20,615798.9074181481
2023-04-21,618516.7741733722
2023-04-24,624464.3633706386
2023-04-25,628819.391253981
2023-04-26,626813.8317366346
2023-04-27,632968.1638959249
2023-04-28,632997.5360033244
2023-05-02,625231.1404980511
2023-05-03,627398.7068971575
2023-05-04,629346.7588743937
2023-05-05,633223.3798303406
2023-05-08,639583.5625601418
2023-05-09,640275.1346452021
2023-05-10,639369.3487264826
2023-05-11,637840.1068549518
2023-05-12,634090.2493270693
2023-05-15,634693.974406056
2023-05-16,625061.0445244741
2023-05-17,624609.78748686
2023-05-18,636089.4633333985
2023-05-19,648070.3180792275
2023-05-22,651704.6165407186
2023-05-23,651002.8353962102
2023-05-24,653860.2085496748
2023-05-25,660427.0896708997
2023-05-26,658898.1999856847
2023-05-29,663635.3533966186
2023-05-30,660853.2550921739
2023-05-31,659074.0194135332
2023-06-01,656920.1515418931
2023-06-02,662942.113725089
2023-06-05,659686.0323099311
2023-06-06,664818.0891174495
2023-06-07,661646.1118140022
2023-06-08,662427.6171447315
2023-06-09,676032.5824686034
2023-06-12,677172.7646721603
2023-06-13,676433.7224682145
2023-06-14,668114.2806877897
2023-06-15,676856.0473933945
2023-06-16,668850.0118195891
2023-06-19,670246.798654293
2023-06-20,681963.0856393063
2023-06-21,677839.7213492219
2023-06-22,673203.6462710351
2023-06-23,667615.0616695252
2023-06-26,673841.6362151537
2023-06-27,682762.484168007
2023-06-28,688363.2479857411
2023-06-30,706029.5291131856
2023-07-03,698755.2076630095
2023-07-04,697608.0381479583
2023-07-05,698227.8546737673
2023-07-06,699562.235734169
2023-07-07,697897.9696897443
2023-07-10,697993.9320924693
2023-07-11,697587.6866052472
2023-07-12,705934.4932189098
2023-07-13,709147.6424088393
2023-07-14,723637.4591916567
2023-07-17,724704.9234252267
2023-07-18,719150.6541561545
2023-07-19,719618.2652662206
2023-07-20,699878.710376762
2023-07-21,702506.6563254121
2023-07-24,710124.3800679244
2023-07-25,721665.4625912427
2023-07-26,714952.213836738
2023-07-27,722136.9743509899
2023-07-28,736351.9971428704
2023-07-31,742937.6744984839
2023-08-01,733216.5785943439
2023-08-02,727920.2774289454
2023-08-03,732069.071223814
2023-08-04,736240.628888003
2023-08-07,739447.789971618
2023-08-08,740056.4363138097
2023-08-09,733513.3124966351
2023-08-10,724953.9979066766
2023-08-11,736421.4185156801
2023-08-14,749606.1484872602
2023-08-16,744696.8172978219
2023-08-17,729816.8952858717
2023-08-18,733309.94813373
2023-08-21,730853.312719725
2023-08-22,742253.6681908268
2023-08-23,729775.8463315457
2023-08-24,726406.2872546705
2023-08-25,719166.709556383
2023-08-28,724887.2263147348
2023-08-29,719599.6785633323
2023-08-30,712352.7909684527
2023-08-31,713826.0725377877
2023-09-01,718291.227175504
2023-09-04,720570.903346619
2023-09-05,720686.5786080827
2023-09-06,726820.887438966
2023-09-07,730508.979029743
2023-09-08,734288.9210535157
2023-09-11,736583.8054355248
2023-09-12,736063.2474005957
2023-09-13,734501.5732958084
2023-09-14,738033.9150401693
2023-09-15,736360.7222146813
2023-09-18,735595.6343509842
2023-09-20,741272.1152223662
2023-09-21,734317.5903163287
2023-09-22,738992.5506043672
2023-09-25,733081.266274222
2023-09-26,741343.1281957646
2023-09-27,727420.8347920511
2023-09-28,725399.4740700892
2023-09-29,717093.6974497508
2023-10-03,727317.1385855696
2023-10-04,727301.5092714546
2023-10-05,728527.217058207
2023-10-06,722319.9156203092
2023-10-09,731964.3269753275
2023-10-10,733426.3661533796
2023-10-11,734786.8254095755
2023-10-12,728102.0003897544
2023-10-13,725186.2895647291
2023-10-16,721687.7975180793
2023-10-17,720737.2012989011
2023-10-18,715201.3651003505
2023-10-19,713015.0490159517
2023-10-20,703723.0701000442
2023-10-23,699585.6504023527
2023-10-25,688576.1446641226
2023-10-26,700730.2701280206
2023-10-27,708337.7977423333
2023-10-30,704235.9656821138
2023-10-31,696271.141905004
2023-11-01,697333.5614584726
2023-11-02,700639.0242626922
2023-11-03,707826.7734596941
2023-11-06,708331.2083738458
2023-11-07,701622.5954887749
2023-11-08,693451.3391127845
2023-11-09,690450.1563242835
2023-11-10,692820.7954700949
2023-11-13,700080.3505165103
2023-11-15,719318.5630365885
2023-11-16,717749.332618903
2023-11-17,715860.1801363267
2023-11-20,724864.2022832205
2023-11-21,722285.5484996696
2023-11-22,724493.3806578156
2023-11-23,713930.4400329286
2023-11-24,716625.3690661128
2023-11-28,725629.3113056036
2023-11-29,720229.073755977
2023-11-30,725195.6564950718
2023-12-01,725360.7940737113
2023-12-04,720209.1884195994
2023-12-05,727107.7086478904
2023-12-06,725911.1535907728
2023-12-07,728280.7306989535
2023-12-08,731533.8464294329
2023-12-11,737397.6098643186
2023-12-12,736090.787844231
2023-12-13,751187.266460967
2023-12-14,790874.3541008452
2023-12-15,790468.5238469044
2023-12-18,785825.3071181927
2023-12-19,787774.5272803439
2023-12-20,789327.1203727166
2023-12-21,796933.8576276464
2023-12-22,802466.6329873865
2023-12-26,812411.3323352843
2023-12-27,810002.5884244909
2023-12-28,799765.1208790883
2023-12-29,803496.8645212871
2024-01-01,797614.7044662432
2024-01-02,778334.1790997278
2024-01-03,780786.1290393011
2024-01-04,791031.7678807694
2024-01-05,781718.0018976348
2024-01-08,785054.6876238607
2024-01-09,787646.9808235602
2024-01-10,774328.575724716
2024-01-11,835763.9560740215
2024-01-12,840284.1765341916
2024-01-15,831136.0907103554
2024-01-16,836151.3695407745
2024-01-17,840069.1592451461
2024-01-18,851013.468056504
2024-01-19,876436.6059385885
2024-01-23,886529.7647952813
2024-01-24,892598.7983294332
2024-01-25,955252.1098086509
2024-01-29,955722.0246205068
2024-01-30,966295.223601329
2024-01-31,963475.6768731616
2024-02-01,991511.419671041
2024-02-02,993261.2483492745
2024-02-05,1018133.9863200824
2024-02-06,1028366.7055119831
2024-02-07,1027364.8664561876
2024-02-08,1013552.130934085
2024-02-09,1020079.0025233662
2024-02-12,1022780.9227533367
2024-02-13,1025689.4579684669
2024-02-14,1019621.7826763286
2024-02-15,1023839.9977879637
2024-02-16,1033250.7454901047
2024-02-19,1060374.5153440407
2024-02-20,1049328.1512614056
2024-02-21,1035037.2455266223
2024-02-22,1035802.705973189
2024-02-23,1037042.2921825364
2024-02-26,1035474.703617868
2024-02-27,1027636.4871551862
2024-02-28,1023261.7238165021
2024-02-29,1043203.464344625
2024-03-01,1044625.2031411737
2024-03-04,1050567.6462576396
2024-03-05,1051843.6264991818
2024-03-06,1054395.5869822663
2024-03-07,1041052.4767074778
2024-03-11,1064202.364855554
2024-03-12,1064822.1579602277
2024-03-13,1061212.9462812236
2024-03-14,1059171.4143800011
2024-03-15,1054359.101736958
2024-03-18,1056765.212451923
2024-03-19,1052366.16580765
2024-03-20,1052196.9584850757
2024-03-21,1050086.354391883
2024-03-22,1037386.4939415557
2024-03-26,1048521.6558350018
2024-03-27,1053761.7480869093
2024-03-28,1070209.6561045074
2024-04-01,1061206.4549316512
2024-04-02,1057280.4607344926
2024-04-03,1058899.897087488
2024-04-04,1052538.609628932
2024-04-05,1050766.3756344055
2024-04-08,1070000.457909438
2024-04-09,1080330.1881755206
2024-04-10,1064521.0327718207
2024-04-12,1052619.3298833647
2024-04-15,1014118.0725599227
2024-04-16,1017559.5002988213
2024-04-18,1011823.6356702489
2024-04-19,1027238.5954729377
2024-04-22,1034157.3200192791
2024-04-23,1025804.6520753558
2024-04-24,1031325.2112544151
2024-04-25,1025446.143466399
2024-04-26,1028672.5388705194
2024-04-29,1030059.2513991647
2024-04-30,1038292.4514674451
2024-05-02,1015247.5768253072
2024-05-03,1017285.388610872
2024-05-06,1028022.3888623237
2024-05-07,1011982.4691638454
2024-05-08,987990.8129826031
2024-05-09,994840.3023592004
2024-05-10,1006844.2848071412
2024-05-13,1010787.9198559771
2024-05-14,1008083.2507783573
2024-05-15,1014542.6174405386
2024-05-16,1017217.493526034
2024-05-17,1010068.8806428149
2024-05-21,1013188.8630915751
2024-05-22,1029436.2542901693
2024-05-23,1017815.8564273901
2024-05-24,1022157.800202359
2024-05-27,1019170.6078088044
2024-05-28,1008375.0026068847
2024-05-29,997229.2965446294
2024-05-30,1003810.7134084321
2024-05-31,1038687.2176553315
2024-06-03,959397.7804444457
2024-06-04,992707.4801674355
2024-06-05,994274.3949365271
2024-06-06,1020909.179871862
2024-06-07,1011667.5026568897
2024-06-10,1001543.2794546946
2024-06-11,996226.2300168679
2024-06-12,1008316.2932193928
2024-06-13,996330.2968096673
2024-06-14,991923.314063598
2024-06-18,988439.3416402315
2024-06-19,984682.3233220759
2024-06-20,986257.0820942995
2024-06-21,996003.3779508461
2024-06-24,1019709.6493655245
2024-06-25,1018882.9466836562
2024-06-26,1040474.8310804287
2024-06-27,1032540.6050810491
2024-06-28,1052124.8578175013
2024-07-01,1062492.1551701585
2024-07-02,1085852.7533448273
2024-07-03,1101105.786177532
2024-07-04,1125621.6066869097
2024-07-05,1120402.9177652604
2024-07-08,1118242.403040327
2024-07-09,1096820.307644685
2024-07-10,1092629.5791826807
2024-07-11,1103741.478861726
2024-07-12,1104087.0932237764
2024-07-15,1089588.054261579
2024-07-16,1098727.3133739997
2024-07-18,1097277.3878221405
2024-07-19,1090686.5613974663
2024-07-22,1078032.2525627261
2024-07-23,1074736.839350389
2024-07-24,1052679.7075912491
2024-07-25,1053689.0650498855
2024-07-26,1058489.6233201474
2024-07-29,1065414.1033362944
2024-07-30,1070215.1244138733
2024-07-31,1065986.6554139282
2024-08-01,1079223.6592841214
2024-08-02,1050993.366130333
2024-08-05,1057329.274936616
2024-08-06,1064743.6513018296
2024-08-07,1057671.3452119431
2024-08-08,1076045.7940668557
2024-08-09,1086420.9593206407
2024-08-12,1088652.3875968482
2024-08-13,1087332.0977761322
2024-08-14,1111294.284813416
2024-08-16,1110919.8388187706
2024-08-19,1115328.1987871854
2024-08-20,1115626.0125684238
2024-08-21,1120123.8732975414
2024-08-22,1131784.996343767
2024-08-23,1140324.6788685834
2024-08-26,1154881.419387098
2024-08-27,1152527.113025989
2024-08-28,1169930.7872450533
2024-08-29,1176920.2371901863
2024-08-30,1177638.3385674693
2024-09-02,1175372.342024743
2024-09-03,1166750.4289447032
2024-09-04,1165890.9933161945
2024-09-05,1159868.3067732828
2024-09-06,1157987.749491416
2024-09-09,1157255.3799126379
2024-09-10,1149317.4293177922
2024-09-11,1171725.7926444947
2024-09-12,1166044.4914565028
2024-09-13,1165034.909794851
2024-09-16,1165787.1907017573
2024-09-17,1158779.563083781
2024-09-18,1160034.9238458818
2024-09-19,1167108.432822146
2024-09-20,1161412.8841229526
2024-09-23,1158302.043552773
2024-09-24,1161860.0294807877
2024-09-25,1164970.8700509672
2024-09-26,1186921.8147725523
2024-09-27,1156399.432449003
2024-09-30,1174125.1785377744
2024-10-01,1167373.9615979253
2024-10-03,1150474.160943357
2024-10-04,1137364.0132011026
2024-10-07,1159456.2033857417
2024-10-08,1146885.8764511433
2024-10-09,1167426.7445237248
2024-10-10,1159421.1030871468
2024-10-11,1185474.7113894285
2024-10-14,1208332.4539471709
2024-10-15,1196446.451314002
2024-10-16,1184993.4957566343
2024-10-17,1216994.3353374733
2024-10-18,1225857.812597792
2024-10-21,1225096.7997125313
2024-10-22,1239520.7564635715
2024-10-23,1240701.4734448772
2024-10-24,1229635.289731625
2024-10-25,1235654.515947093
2024-10-28,1240886.6351888098
2024-10-29,1243748.8206082766
2024-10-30,1208366.7383630662
2024-10-31,1214353.8940101617
2024-11-01,1181242.9865115632
2024-11-04,1183388.5076219644
2024-11-05,1201565.824726303
2024-11-06,1204831.2730276708
2024-11-07,1186128.0023089575
2024-11-08,1175918.2478069747
2024-11-11,1177122.5395713495
2024-11-12,1151876.9848866132
2024-11-13,1166182.804982033
2024-11-14,1159880.8770104942
2024-11-18,1142309.037681923
2024-11-19,1125151.1501755577
2024-11-21,1172598.2836185966
2024-11-22,1192614.1630319087
2024-11-25,1200676.0783273743
2024-11-26,1198359.4229990295
2024-11-27,1177602.281751409
2024-11-28,1190189.860311984
2024-11-29,1204251.6748866905
2024-12-02,1207713.0964911957
2024-12-03,1205893.9836080326
2024-12-04,1235000.1057900467
2024-12-05,1227053.388236986
2024-12-06,1227851.2600127833
2024-12-09,1218086.423744083
2024-12-10,1234089.578481621
2024-12-11,1241754.852950411
2024-12-12,1247036.83928148
2024-12-13,1230675.0559158793
2024-12-16,1228530.7721972552
2024-12-17,1213419.1147800968
2024-12-18,1191343.6988088489
2024-12-19,1166993.112542135
2024-12-20,1183452.8172708496
2024-12-23,1183888.468060932
2024-12-24,1177885.564200843
2024-12-26,1182242.5448643262
2024-12-27,1172221.394785783
